Workbook

Sheet Brake Force Calculator
B1: Value
A2: Vehicle Mass [kg] | B2: 300 | D2: Force Applied by Driver | E2: ~500-600N
A3: Tire Radius [m] | B3: 0.28
A4: Front Rotor Radius [m] | B4: 0.12
A5: Rear Rotor Radius [m] | B5: 0.16129
A6: Front Pad Coeff. of Friction | B6: 0.35
A7: Rear Pad Coeff. of Friction | B7: 0.35
A8: Pedal Ratio | B8: 6
A9: Balance Bar Ratio (F) | B9: 0.7
A10: Tire Coeff. of Friction | B10: 0.7
F11: ASC 2020 Reg. | H11: WSC 2019 Reg. (with V = 65 mph)
A12: Deceleration [m/s^2] | B12: 1 | C12: 2 | D12: 3 | E12: 4 | F12: 4.72 | G12: 5 | H12: 5.55 | I12: 6 | J12: 7 | K12: 8 | L12: 9 | M12: 9.81 | N12: 10 | O12: 12 | P12: 14 | Q12: 16 | R12: 18 | S12: 20
A13: Total Force Required [N] | B13: =($B$2)*(B12) -> 300 | C13: =($B$2)*(C12) -> 600 | D13: =($B$2)*(D12) -> 900 | E13: =($B$2)*(E12) -> 1200 | F13: =($B$2)*(F12) -> 1416 | G13: =($B$2)*(G12) -> 1500 | H13: =($B$2)*(H12) -> 1665 | I13: =($B$2)*(I12) -> 1800 | ... S13: =($B$2)*(S12) -> 6000
A14: Total Force on Front [N] | B14: =B13*$B$9 -> 210 | C14: =C13*$B$9 -> 420 | D14: =D13*$B$9 -> 630 | E14: =E13*$B$9 -> 840 | F14: =F13*$B$9 -> 991.2 | G14: =G13*$B$9 -> 1050 | H14: =H13*$B$9 -> 1165.5 | I14: =I13*$B$9 -> 1260 | ... S14: =S13*$B$9 -> 4200
A15: Total Force on Rear [N] | B15: =B13-B14 -> 90 | C15: =C13-C14 -> 180 | D15: =D13-D14 -> 270 | E15: =E13-E14 -> 360 | F15: =F13-F14 -> 424.8 | G15: =G13-G14 -> 450 | H15: =H13-H14 -> 499.5 | I15: =I13-I14 -> 540 | ... S15: =S13-S14 -> 1800
A16: Force on One Front Tire [N] | B16: =B14/2 -> 105 | C16: =C14/2 -> 210 | D16: =D14/2 -> 315 | E16: =E14/2 -> 420 | F16: =F14/2 -> 495.6 | G16: =G14/2 -> 525 | H16: =H14/2 -> 582.75 | I16: =I14/2 -> 630 | ... S16: =S14/2 -> 2100
A17: Force on One Rear Tire [N] | B17: =B15/2 -> 45 | C17: =C15/2 -> 90 | D17: =D15/2 -> 135 | E17: =E15/2 -> 180 | F17: =F15/2 -> 212.4 | G17: =G15/2 -> 225 | H17: =H15/2 -> 249.75 | I17: =I15/2 -> 270 | ... S17: =S15/2 -> 900
A18: Torque in Front Tire [N*m] | B18: =B16*$B3 -> 29.4 | C18: =C16*$B3 -> 58.8 | D18: =D16*$B3 -> 88.2 | E18: =E16*$B3 -> 117.6 | F18: =F16*$B3 -> 138.768 | G18: =G16*$B3 -> 147 | H18: =H16*$B3 -> 163.17 | I18: =I16*$B3 -> 176.4 | ... S18: =S16*$B3 -> 588
A19: Torque in Rear Tire [N*m] | B19: =B17*$B3 -> 12.6 | C19: =C17*$B3 -> 25.2 | D19: =D17*$B3 -> 37.8 | E19: =E17*$B3 -> 50.4 | F19: =F17*$B3 -> 59.472 | G19: =G17*$B3 -> 63 | H19: =H17*$B3 -> 69.93 | I19: =I17*$B3 -> 75.6 | ... S19: =S17*$B3 -> 252
A20: Friction Force on Front Rotor [N] | B20: =B18/$B4 -> 245 | C20: =C18/$B4 -> 490 | D20: =D18/$B4 -> 735 | E20: =E18/$B4 -> 980 | F20: =F18/$B4 -> 1156.4 | G20: =G18/$B4 -> 1225 | H20: =H18/$B4 -> 1359.75 | I20: =I18/$B4 -> 1470 | ... S20: =S18/$B4 -> 4900
A21: Friction Force on Rear Rotor [N] | B21: =B19/$B5 -> 78.120156 | C21: =C19/$B5 -> 156.24031 | D21: =D19/$B5 -> 234.36047 | E21: =E19/$B5 -> 312.48062 | F21: =F19/$B5 -> 368.72714 | G21: =G19/$B5 -> 390.60078 | H21: =H19/$B5 -> 433.56687 | I21: =I19/$B5 -> 468.72094 | ... S21: =S19/$B5 -> 1562.4031
A22: Front Clamp Force [N] | B22: =B20/$B6 -> 700 | C22: =C20/$B6 -> 1400 | D22: =D20/$B6 -> 2100 | E22: =E20/$B6 -> 2800 | F22: =F20/$B6 -> 3304 | G22: =G20/$B6 -> 3500 | H22: =H20/$B6 -> 3885 | I22: =I20/$B6 -> 4200 | ... S22: =S20/$B6 -> 14000
A23: Rear Clamp Force [N] | B23: =B21/$B7 -> 223.20045 | C23: =C21/$B7 -> 446.40089 | D23: =D21/$B7 -> 669.60134 | E23: =E21/$B7 -> 892.80179 | F23: =F21/$B7 -> 1053.5061 | G23: =G21/$B7 -> 1116.0022 | H23: =H21/$B7 -> 1238.7625 | I23: =I21/$B7 -> 1339.2027 | ... S23: =S21/$B7 -> 4464.0089
A24: Front Caliper Force [N] | B24: =B22/2 -> 350 | C24: =C22/2 -> 700 | D24: =D22/2 -> 1050 | E24: =E22/2 -> 1400 | F24: =F22/2 -> 1652 | G24: =G22/2 -> 1750 | H24: =H22/2 -> 1942.5 | I24: =I22/2 -> 2100 | ... S24: =S22/2 -> 7000
A25: Rear Caliper Force [N] | B25: =B23/2 -> 111.60022 | C25: =C23/2 -> 223.20045 | D25: =D23/2 -> 334.80067 | E25: =E23/2 -> 446.40089 | F25: =F23/2 -> 526.75305 | G25: =G23/2 -> 558.00112 | H25: =H23/2 -> 619.38124 | I25: =I23/2 -> 669.60134 | ... S25: =S23/2 -> 2232.0045
A26: Pedal Force [N] | B26: =(B24+B25)/$B8 -> 76.933371 | C26: =(C24+C25)/$B8 -> 153.86674 | D26: =(D24+D25)/$B8 -> 230.80011 | E26: =(E24+E25)/$B8 -> 307.73348 | F26: =(F24+F25)/$B8 -> 363.12551 | G26: =(G24+G25)/$B8 -> 384.66685 | H26: =(H24+H25)/$B8 -> 426.98021 | I26: =(I24+I25)/$B8 -> 461.60022 | ... S26: =(S24+S25)/$B8 -> 1538.6674
A27: Pedal Force [lb] | B27: =B26/4.448 -> 17.296171 | C27: =C26/4.448 -> 34.592343 | D27: =D26/4.448 -> 51.888514 | E27: =E26/4.448 -> 69.184686 | F27: =F26/4.448 -> 81.637929 | G27: =G26/4.448 -> 86.480857 | H27: =H26/4.448 -> 95.993751 | I27: =I26/4.448 -> 103.77703 | ... S27: =S26/4.448 -> 345.92343
A29: Front Tires Lock | B29: =IF(B14 >= ('Weight Distribution'!B14)*$B10,"Yes","No") -> No | C29: =IF(C14 >= ('Weight Distribution'!C14)*$B10,"Yes","No") -> No | D29: =IF(D14 >= ('Weight Distribution'!D14)*$B10,"Yes","No") -> No | E29: =IF(E14 >= ('Weight Distribution'!E14)*$B10,"Yes","No") -> No | F29: =IF(F14 >= ('Weight Distribution'!E14)*$B10,"Yes","No") -> No | G29: =IF(G14 >= ('Weight Distribution'!F14)*$B10,"Yes","No") -> No | H29: =IF(H14 >= ('Weight Distribution'!G14)*$B10,"Yes","No") -> No | I29: =IF(I14 >= ('Weight Distribution'!H14)*$B10,"Yes","No") -> Yes | J29: =IF(J14 >= ('Weight Distribution'!I14)*$B10,"Yes","No") -> Yes | K29: =IF(K14 >= ('Weight Distribution'!J14)*$B10,"Yes","No") -> Yes | L29: =IF(L14 >= ('Weight Distribution'!K14)*$B10,"Yes","No") -> Yes | M29: =IF(M14 >= ('Weight Distribution'!L14)*$B10,"Yes","No") -> Yes | N29: =IF(N14 >= ('Weight Distribution'!M14)*$B10,"Yes","No") -> Yes
A30: Rear Tires Lock | B30: =IF(B15 >= 'Weight Distribution'!B15*$B10,"Yes","No") -> No | C30: =IF(C15 >= 'Weight Distribution'!C15*$B10,"Yes","No") -> No | D30: =IF(D15 >= 'Weight Distribution'!D15*$B10,"Yes","No") -> No | E30: =IF(E15 >= 'Weight Distribution'!E15*$B10,"Yes","No") -> No | F30: =IF(F15 >= 'Weight Distribution'!E15*$B10,"Yes","No") -> No | G30: =IF(G15 >= 'Weight Distribution'!F15*$B10,"Yes","No") -> No | H30: =IF(H15 >= 'Weight Distribution'!G15*$B10,"Yes","No") -> No | I30: =IF(I15 >= 'Weight Distribution'!H15*$B10,"Yes","No") -> No | J30: =IF(J15 >= 'Weight Distribution'!I15*$B10,"Yes","No") -> No | K30: =IF(K15 >= 'Weight Distribution'!J15*$B10,"Yes","No") -> No | L30: =IF(L15 >= 'Weight Distribution'!K15*$B10,"Yes","No") -> Yes | M30: =IF(M15 >= 'Weight Distribution'!L15*$B10,"Yes","No") -> Yes | N30: =IF(N15 >= 'Weight Distribution'!M15*$B10,"Yes","No") -> Yes
A31: Front Tire Friction Force Output | B31: =('Weight Distribution'!B14)*$B10 -> 1058.3192 | C31: =('Weight Distribution'!C14)*$B10 -> 1086.5885 | D31: =('Weight Distribution'!D14)*$B10 -> 1114.8577 | E31: =('Weight Distribution'!E14)*$B10 -> 1143.1269 | F31: =('Weight Distribution'!E14)*$B10 -> 1143.1269 | G31: =('Weight Distribution'!F14)*$B10 -> 1163.4808 | H31: =('Weight Distribution'!G14)*$B10 -> 1171.3962 | I31: =('Weight Distribution'!H14)*$B10 -> 1185.5308 | J31: =('Weight Distribution'!I14)*$B10 -> 1199.6654 | K31: =('Weight Distribution'!J14)*$B10 -> 1227.9346 | L31: =('Weight Distribution'!K14)*$B10 -> 1256.2038 | M31: =('Weight Distribution'!L14)*$B10 -> 1284.4731 | N31: =('Weight Distribution'!M14)*$B10 -> 1307.3712
A32: Rear Tire Friction Force Output | B32: ='Weight Distribution'!B15*$B10 -> 1001.7808 | C32: ='Weight Distribution'!C15*$B10 -> 973.51154 | D32: ='Weight Distribution'!D15*$B10 -> 945.24231 | E32: ='Weight Distribution'!E15*$B10 -> 916.97308 | F32: ='Weight Distribution'!E15*$B10 -> 916.97308 | G32: ='Weight Distribution'!F15*$B10 -> 896.61923 | H32: ='Weight Distribution'!G15*$B10 -> 888.70385 | I32: ='Weight Distribution'!H15*$B10 -> 874.56923 | J32: ='Weight Distribution'!I15*$B10 -> 860.43462 | K32: ='Weight Distribution'!J15*$B10 -> 832.16538 | L32: ='Weight Distribution'!K15*$B10 -> 803.89615 | M32: ='Weight Distribution'!L15*$B10 -> 775.62692 | N32: ='Weight Distribution'!M15*$B10 -> 752.72885

Sheet Weight Distribution
B1: Value
A2: g [m/s^2] | B2: 9.81
A3: Wheelbase [m] | B3: 2.08
A4: Mass [kg] | B4: ='Brake Force Calculator'!B2 -> 300
A5: Weight [N] | B5: =B4*B2 -> 2943
A6: CG w/r/t reference [m] | B6: 1.04
A7: CG height [m] | B7: 0.28
A8: Front weight [N] | B8: =B5*B6/B3 -> 1471.5
A9: Rear weight [N] | B9: =B5-B8 -> 1471.5
A10: Weight distribution (F:R) | B10: =TEXT(100*B8/B5,"#0")&":"&TEXT(100*B9/B5,"#0") -> 50:50
F11: ASC 2020 Reg. | H11: WSC 2019 Reg.
A12: Deceleration (m/s^2) | B12: 1 | C12: 2 | D12: 3 | E12: 4 | F12: 4.72 | G12: 5 | H12: 5.5 | I12: 6 | J12: 7 | K12: 8 | L12: 9 | M12: 9.81 | N12: 10
A13: Weight Transfer [N] | B13: =B12/$B$2*$B$7/$B$3*$B$5 -> 40.384615 | C13: =C12/$B$2*$B$7/$B$3*$B$5 -> 80.769231 | D13: =D12/$B$2*$B$7/$B$3*$B$5 -> 121.15385 | E13: =E12/$B$2*$B$7/$B$3*$B$5 -> 161.53846 | F13: =F12/$B$2*$B$7/$B$3*$B$5 -> 190.61538 | G13: =G12/$B$2*$B$7/$B$3*$B$5 -> 201.92308 | H13: =H12/$B$2*$B$7/$B$3*$B$5 -> 222.11538 | I13: =I12/$B$2*$B$7/$B$3*$B$5 -> 242.30769 | ... N13: =N12/$B$2*$B$7/$B$3*$B$5 -> 403.84615
A14: Front Weight [N] | B14: =$B$8+B13 -> 1511.8846 | C14: =$B$8+C13 -> 1552.2692 | D14: =$B$8+D13 -> 1592.6538 | E14: =$B$8+E13 -> 1633.0385 | F14: =$B$8+F13 -> 1662.1154 | G14: =$B$8+G13 -> 1673.4231 | H14: =$B$8+H13 -> 1693.6154 | I14: =$B$8+I13 -> 1713.8077 | ... N14: =$B$8+N13 -> 1875.3462
A15: Rear Weight [N] | B15: =$B$9-B13 -> 1431.1154 | C15: =$B$9-C13 -> 1390.7308 | D15: =$B$9-D13 -> 1350.3462 | E15: =$B$9-E13 -> 1309.9615 | F15: =$B$9-F13 -> 1280.8846 | G15: =$B$9-G13 -> 1269.5769 | H15: =$B$9-H13 -> 1249.3846 | I15: =$B$9-I13 -> 1229.1923 | ... N15: =$B$9-N13 -> 1067.6538
A16: Weight Distribution (F:R) | B16: =TEXT(100*B14/$B$5,"#0")&":"&TEXT(100*B15/$B$5,"#0") -> 51:49 | C16: =TEXT(100*C14/$B$5,"#0")&":"&TEXT(100*C15/$B$5,"#0") -> 53:47 | D16: =TEXT(100*D14/$B$5,"#0")&":"&TEXT(100*D15/$B$5,"#0") -> 54:46 | E16: =TEXT(100*E14/$B$5,"#0")&":"&TEXT(100*E15/$B$5,"#0") -> 55:45 | F16: =TEXT(100*F14/$B$5,"#0")&":"&TEXT(100*F15/$B$5,"#0") -> 56:44 | G16: =TEXT(100*G14/$B$5,"#0")&":"&TEXT(100*G15/$B$5,"#0") -> 57:43 | H16: =TEXT(100*H14/$B$5,"#0")&":"&TEXT(100*H15/$B$5,"#0") -> 58:42 | I16: =TEXT(100*I14/$B$5,"#0")&":"&TEXT(100*I15/$B$5,"#0") -> 58:42 | ... N16: =TEXT(100*N14/$B$5,"#0")&":"&TEXT(100*N15/$B$5,"#0") -> 64:36
A17: Brake Balance Ratio (F/R) | B17: =B14/B15 -> 1.056438 | C17: =C14/C15 -> 1.1161537 | D17: =D14/D15 -> 1.1794412 | E17: =E14/E15 -> 1.2466308 | F17: =F14/F15 -> 1.2976308 | G17: =G14/G15 -> 1.3180951 | H17: =H14/H15 -> 1.3555597 | I17: =I14/I15 -> 1.3942551 | ... N17: =N14/N15 -> 1.7565114
A18: ASC 2018 10.5.C requires average deceleration >4.72 m/s^2
A19: WSC calculation with v = 65 mph requires average deceleration >5.5 m/s^2
